Timestamp,Leaf Wetness,Temperature (°C),Humidity (%),Rainfall (mm),Fungal Risk
2025-05-01 00:00:00,Yes,22.5,78.6,1.02,Medium
2025-05-01 00:30:00,Yes,27.6,77.7,0.31,Medium
2025-05-01 01:00:00,Yes,27.9,87.7,0.12,Medium
2025-05-01 01:30:00,No,22.7,75.4,0.13,Low
2025-05-01 02:00:00,No,21.2,60.9,0.0,Low
2025-05-01 02:30:00,Yes,17.2,69.9,0.75,Medium
2025-05-01 03:00:00,Yes,15.5,65.9,1.67,Medium
2025-05-01 03:30:00,No,18.9,80.7,0.0,Low
2025-05-01 04:00:00,No,17.3,81.1,0.0,Low
2025-05-01 04:30:00,Yes,21.9,74.0,0.27,Low
2025-05-01 05:00:00,Yes,17.0,98.5,0.49,Medium
2025-05-01 05:30:00,Yes,14.7,88.2,0.0,Medium
2025-05-01 06:00:00,No,21.0,60.4,0.0,Low
2025-05-01 06:30:00,Yes,21.0,87.4,0.64,Medium
2025-05-01 07:00:00,No,19.4,77.0,0.0,Low
2025-05-01 07:30:00,Yes,16.4,75.4,1.35,Medium
2025-05-01 08:00:00,Yes,21.7,62.4,0.76,Medium
2025-05-01 08:30:00,Yes,18.1,73.2,0.99,Medium
2025-05-01 09:00:00,Yes,25.2,89.3,0.0,Medium
2025-05-01 09:30:00,Yes,18.5,83.3,1.28,Medium
2025-05-01 10:00:00,No,17.6,78.1,0.0,Low
2025-05-01 10:30:00,Yes,14.0,88.1,1.58,Medium
2025-05-01 11:00:00,Yes,19.6,90.0,0.79,High
2025-05-01 11:30:00,Yes,16.8,83.6,1.73,Medium
2025-05-01 12:00:00,Yes,19.8,95.6,0.0,High
2025-05-01 12:30:00,Yes,24.1,80.9,0.26,Medium
2025-05-01 13:00:00,Yes,20.5,60.1,0.32,Medium
2025-05-01 13:30:00,Yes,21.8,94.8,0.09,High
2025-05-01 14:00:00,Yes,16.0,75.0,1.23,Medium
2025-05-01 14:30:00,Yes,21.6,74.7,0.91,Medium
2025-05-01 15:00:00,Yes,20.5,89.7,0.0,Medium
2025-05-01 15:30:00,No,18.4,76.1,0.0,Low
2025-05-01 16:00:00,Yes,21.5,82.6,0.5,Medium
2025-05-01 16:30:00,No,18.8,65.8,0.16,Low
2025-05-01 17:00:00,Yes,18.3,72.0,0.37,Medium
2025-05-01 17:30:00,Yes,22.0,98.9,0.64,High
2025-05-01 18:00:00,No,21.3,79.3,0.0,Low
2025-05-01 18:30:00,Yes,19.9,80.6,2.47,Medium
2025-05-01 19:00:00,Yes,19.0,83.0,0.47,Medium
2025-05-01 19:30:00,Yes,14.2,91.4,1.1,Medium
2025-05-01 20:00:00,Yes,24.0,70.9,1.62,Medium
2025-05-01 20:30:00,Yes,13.0,85.9,2.25,Medium
2025-05-01 21:00:00,Yes,15.0,74.3,0.58,Medium
2025-05-01 21:30:00,Yes,17.5,64.5,0.55,Medium
2025-05-01 22:00:00,No,14.7,84.7,0.0,Low
2025-05-01 22:30:00,Yes,27.7,72.2,0.24,Low
2025-05-01 23:00:00,Yes,24.1,67.7,0.68,Medium
2025-05-01 23:30:00,Yes,26.5,63.9,0.65,Medium
2025-05-02 00:00:00,Yes,21.3,87.8,0.0,Medium
2025-05-02 00:30:00,Yes,13.4,85.2,0.74,Medium
2025-05-02 01:00:00,No,21.3,83.5,0.0,Low
2025-05-02 01:30:00,No,21.2,82.9,0.0,Low
2025-05-02 02:00:00,No,29.3,84.7,0.0,Low
2025-05-02 02:30:00,Yes,23.3,70.3,1.13,Medium
2025-05-02 03:00:00,Yes,25.8,71.8,1.27,Medium
2025-05-02 03:30:00,Yes,22.1,88.2,2.02,Medium
2025-05-02 04:00:00,No,18.8,72.5,0.0,Low
2025-05-02 04:30:00,Yes,15.9,79.2,0.77,Medium
2025-05-02 05:00:00,Yes,21.4,88.3,0.51,Medium
2025-05-02 05:30:00,Yes,27.3,77.4,2.68,Medium
2025-05-02 06:00:00,No,23.1,71.4,0.0,Low
2025-05-02 06:30:00,Yes,22.4,77.8,1.07,Medium
2025-05-02 07:00:00,No,22.4,79.3,0.0,Low
2025-05-02 07:30:00,Yes,12.4,75.5,1.19,Medium
2025-05-02 08:00:00,Yes,21.1,67.5,0.64,Medium
2025-05-02 08:30:00,Yes,21.9,71.2,0.62,Medium
2025-05-02 09:00:00,Yes,20.3,68.6,0.79,Medium
2025-05-02 09:30:00,Yes,22.8,90.8,1.34,High
2025-05-02 10:00:00,Yes,13.1,70.6,0.91,Medium
2025-05-02 10:30:00,Yes,22.6,85.2,3.58,Medium
2025-05-02 11:00:00,Yes,22.9,91.4,1.26,High
2025-05-02 11:30:00,Yes,23.3,76.8,1.11,Medium
2025-05-02 12:00:00,No,16.1,77.6,0.11,Low
2025-05-02 12:30:00,Yes,20.4,103.1,0.0,High
2025-05-02 13:00:00,No,23.4,63.9,0.12,Low
2025-05-02 13:30:00,No,25.4,80.6,0.0,Low
2025-05-02 14:00:00,Yes,16.4,86.8,0.0,Medium
2025-05-02 14:30:00,No,21.1,80.5,0.0,Low
2025-05-02 15:00:00,Yes,30.7,86.3,0.0,Medium
2025-05-02 15:30:00,Yes,20.9,73.4,1.18,Medium
2025-05-02 16:00:00,Yes,16.0,78.9,0.9,Medium
2025-05-02 16:30:00,Yes,24.3,68.0,0.23,Low
2025-05-02 17:00:00,Yes,17.6,73.5,1.91,Medium
2025-05-02 17:30:00,Yes,22.0,67.4,1.23,Medium
2025-05-02 18:00:00,Yes,30.6,90.3,0.0,Medium
2025-05-02 18:30:00,Yes,17.6,92.7,0.0,Medium
2025-05-02 19:00:00,Yes,22.2,87.7,0.0,Medium
2025-05-02 19:30:00,No,19.7,47.6,0.0,Low
2025-05-02 20:00:00,Yes,18.7,67.5,1.81,Medium
2025-05-02 20:30:00,Yes,12.8,75.6,0.6,Medium
2025-05-02 21:00:00,Yes,27.2,65.6,1.43,Medium
2025-05-02 21:30:00,Yes,20.1,70.2,0.87,Medium
2025-05-02 22:00:00,Yes,21.0,74.0,0.56,Medium
2025-05-02 22:30:00,Yes,18.1,81.1,1.03,Medium
2025-05-02 23:00:00,Yes,27.9,67.6,2.21,Medium
2025-05-02 23:30:00,Yes,10.2,78.5,0.97,Medium
2025-05-03 00:00:00,Yes,21.4,73.8,0.33,Medium
2025-05-03 00:30:00,Yes,17.5,74.1,1.18,Medium
2025-05-03 01:00:00,Yes,21.8,73.1,1.22,Medium
2025-05-03 01:30:00,Yes,21.5,88.1,1.0,Medium
2025-05-03 02:00:00,Yes,15.9,74.4,1.1,Medium
2025-05-03 02:30:00,Yes,23.1,79.8,0.59,Medium
2025-05-03 03:00:00,Yes,26.4,74.1,0.94,Medium
2025-05-03 03:30:00,Yes,19.0,77.8,1.38,Medium
2025-05-03 04:00:00,Yes,24.1,88.1,1.54,Medium
2025-05-03 04:30:00,Yes,20.1,86.8,0.25,Medium
2025-05-03 05:00:00,Yes,21.6,78.7,0.58,Medium
2025-05-03 05:30:00,Yes,23.0,71.8,2.17,Medium
2025-05-03 06:00:00,Yes,15.0,67.9,1.43,Medium
2025-05-03 06:30:00,Yes,24.0,86.2,1.0,Medium
2025-05-03 07:00:00,Yes,19.9,71.0,0.56,Medium
2025-05-03 07:30:00,Yes,16.6,89.8,0.38,Medium
2025-05-03 08:00:00,Yes,15.9,76.8,0.83,Medium
2025-05-03 08:30:00,Yes,17.2,71.8,0.69,Medium
2025-05-03 09:00:00,No,21.2,74.9,0.12,Low
2025-05-03 09:30:00,No,21.2,65.5,0.0,Low
2025-05-03 10:00:00,Yes,16.4,77.9,0.75,Medium
2025-05-03 10:30:00,Yes,27.4,88.6,0.37,Medium
2025-05-03 11:00:00,Yes,19.9,70.0,0.49,Medium
2025-05-03 11:30:00,No,18.6,83.2,0.0,Low
2025-05-03 12:00:00,Yes,22.6,95.3,0.41,High
2025-05-03 12:30:00,Yes,22.0,86.9,0.18,Medium
2025-05-03 13:00:00,Yes,21.1,80.1,0.58,Medium
2025-05-03 13:30:00,Yes,16.1,80.2,0.9,Medium
2025-05-03 14:00:00,Yes,27.3,89.6,2.22,Medium
2025-05-03 14:30:00,Yes,16.2,88.7,0.65,Medium
2025-05-03 15:00:00,No,30.9,71.9,0.0,Low
2025-05-03 15:30:00,No,17.0,58.8,0.08,Low
2025-05-03 16:00:00,Yes,16.2,81.5,0.77,Medium
2025-05-03 16:30:00,Yes,29.4,89.5,0.04,Medium
2025-05-03 17:00:00,No,15.5,84.9,0.0,Low
2025-05-03 17:30:00,Yes,29.2,91.8,0.12,Medium
2025-05-03 18:00:00,Yes,11.4,93.5,0.41,Medium
2025-05-03 18:30:00,No,26.2,64.1,0.02,Low
2025-05-03 19:00:00,No,20.0,80.5,0.14,Low
2025-05-03 19:30:00,Yes,23.1,69.3,0.39,Medium
2025-05-03 20:00:00,Yes,20.6,85.1,1.07,Medium
2025-05-03 20:30:00,Yes,14.4,64.7,1.52,Medium
2025-05-03 21:00:00,Yes,21.7,72.5,1.74,Medium
2025-05-03 21:30:00,Yes,20.6,91.8,0.55,High
2025-05-03 22:00:00,Yes,30.3,97.6,0.3,Medium
2025-05-03 22:30:00,Yes,24.9,86.5,1.59,Medium
2025-05-03 23:00:00,Yes,15.2,86.9,1.35,Medium
2025-05-03 23:30:00,No,11.2,68.2,0.0,Low
2025-05-04 00:00:00,Yes,18.7,87.2,1.7,Medium
2025-05-04 00:30:00,Yes,20.4,96.3,0.0,High
2025-05-04 01:00:00,Yes,11.5,79.4,0.81,Medium
2025-05-04 01:30:00,Yes,19.8,59.3,0.43,Medium
2025-05-04 02:00:00,Yes,13.5,86.7,0.79,Medium
2025-05-04 02:30:00,No,15.3,74.9,0.0,Low
2025-05-04 03:00:00,Yes,19.7,89.6,0.0,Medium
2025-05-04 03:30:00,No,22.5,74.7,0.0,Low
2025-05-04 04:00:00,No,19.5,69.6,0.06,Low
2025-05-04 04:30:00,Yes,14.0,99.6,0.53,Medium
2025-05-04 05:00:00,Yes,16.5,82.1,0.41,Medium
2025-05-04 05:30:00,Yes,18.9,86.1,1.11,Medium
2025-05-04 06:00:00,Yes,17.3,74.2,0.28,Low
2025-05-04 06:30:00,Yes,8.5,64.8,1.59,Medium
2025-05-04 07:00:00,Yes,28.2,77.5,0.96,Medium
2025-05-04 07:30:00,Yes,21.6,110.8,1.4,High
2025-05-04 08:00:00,No,19.4,70.4,0.0,Low
2025-05-04 08:30:00,No,21.0,72.4,0.0,Low
2025-05-04 09:00:00,Yes,16.8,69.2,1.85,Medium
2025-05-04 09:30:00,Yes,24.4,79.9,1.68,Medium
2025-05-04 10:00:00,Yes,20.4,71.4,1.72,Medium
2025-05-04 10:30:00,Yes,22.7,69.6,0.35,Medium
2025-05-04 11:00:00,Yes,15.6,66.2,1.24,Medium
2025-05-04 11:30:00,Yes,29.5,66.0,0.95,Medium
2025-05-04 12:00:00,No,16.7,75.1,0.03,Low
2025-05-04 12:30:00,No,15.7,80.5,0.0,Low
2025-05-04 13:00:00,Yes,21.4,79.5,0.31,Medium
2025-05-04 13:30:00,Yes,15.5,74.2,1.1,Medium
2025-05-04 14:00:00,Yes,22.5,70.2,0.58,Medium
2025-05-04 14:30:00,Yes,23.8,63.3,0.93,Medium
2025-05-04 15:00:00,Yes,16.7,85.7,0.0,Medium
2025-05-04 15:30:00,Yes,11.0,63.7,0.54,Medium
2025-05-04 16:00:00,Yes,21.3,71.0,1.01,Medium
2025-05-04 16:30:00,No,11.7,79.3,0.0,Low
2025-05-04 17:00:00,No,16.7,80.5,0.0,Low
2025-05-04 17:30:00,Yes,18.1,90.1,0.04,High
2025-05-04 18:00:00,Yes,24.2,68.7,0.92,Medium
2025-05-04 18:30:00,No,27.2,55.3,0.0,Low
2025-05-04 19:00:00,Yes,22.9,78.0,0.8,Medium
2025-05-04 19:30:00,Yes,17.0,80.9,0.38,Medium
2025-05-04 20:00:00,Yes,25.8,82.5,0.77,Medium
2025-05-04 20:30:00,No,17.9,75.1,0.15,Low
2025-05-04 21:00:00,Yes,22.0,75.8,0.73,Medium
2025-05-04 21:30:00,Yes,30.4,88.7,0.24,Medium
2025-05-04 22:00:00,No,26.0,75.9,0.0,Low
2025-05-04 22:30:00,Yes,15.0,61.3,0.22,Low
2025-05-04 23:00:00,Yes,20.1,96.8,0.76,High
2025-05-04 23:30:00,Yes,18.9,88.3,0.0,Medium
2025-05-05 00:00:00,Yes,21.2,87.7,0.0,Medium
2025-05-05 00:30:00,No,25.7,83.4,0.17,Low
2025-05-05 01:00:00,Yes,23.2,102.7,0.65,High
2025-05-05 01:30:00,No,21.2,75.4,0.0,Low
2025-05-05 02:00:00,Yes,24.2,71.4,0.56,Medium
2025-05-05 02:30:00,Yes,17.6,84.8,0.77,Medium
2025-05-05 03:00:00,Yes,25.2,74.9,0.28,Low
2025-05-05 03:30:00,Yes,15.1,75.6,0.8,Medium
2025-05-05 04:00:00,Yes,23.8,70.8,1.2,Medium
2025-05-05 04:30:00,Yes,26.8,84.1,2.0,Medium
2025-05-05 05:00:00,No,16.1,67.6,0.0,Low
2025-05-05 05:30:00,Yes,27.5,86.5,0.46,Medium
2025-05-05 06:00:00,Yes,21.4,68.7,2.46,Medium
2025-05-05 06:30:00,Yes,20.6,81.1,1.08,Medium
2025-05-05 07:00:00,No,22.4,82.2,0.0,Low
2025-05-05 07:30:00,Yes,22.4,98.8,1.58,High
2025-05-05 08:00:00,No,28.0,74.9,0.0,Low
2025-05-05 08:30:00,Yes,19.4,80.6,1.38,Medium
2025-05-05 09:00:00,Yes,11.5,95.3,0.37,Medium
2025-05-05 09:30:00,No,17.9,69.9,0.0,Low
2025-05-05 10:00:00,No,24.1,80.7,0.0,Low
2025-05-05 10:30:00,Yes,13.5,76.6,1.84,Medium
2025-05-05 11:00:00,Yes,18.7,65.0,0.3,Medium
2025-05-05 11:30:00,Yes,18.6,53.0,0.46,Medium
2025-05-05 12:00:00,Yes,18.8,87.0,1.98,Medium
2025-05-05 12:30:00,No,25.6,77.3,0.0,Low
2025-05-05 13:00:00,Yes,32.9,80.6,0.51,Medium
2025-05-05 13:30:00,Yes,19.9,82.0,0.38,Medium
2025-05-05 14:00:00,Yes,17.1,74.5,0.47,Medium
2025-05-05 14:30:00,Yes,17.3,72.9,0.59,Medium
2025-05-05 15:00:00,Yes,18.7,95.0,0.0,High
2025-05-05 15:30:00,Yes,25.5,92.5,0.0,High
2025-05-05 16:00:00,No,18.3,76.3,0.0,Low
2025-05-05 16:30:00,Yes,16.1,68.9,1.9,Medium
2025-05-05 17:00:00,Yes,24.7,92.7,1.08,High
2025-05-05 17:30:00,Yes,14.4,74.8,0.89,Medium
2025-05-05 18:00:00,Yes,13.9,87.1,0.31,Medium
2025-05-05 18:30:00,Yes,18.1,87.1,0.86,Medium
2025-05-05 19:00:00,Yes,18.2,91.6,0.0,High
2025-05-05 19:30:00,Yes,23.1,85.9,0.25,Medium
2025-05-05 20:00:00,Yes,21.6,67.5,1.24,Medium
2025-05-05 20:30:00,Yes,19.1,74.8,1.34,Medium
2025-05-05 21:00:00,No,16.5,65.9,0.0,Low
2025-05-05 21:30:00,Yes,23.0,67.2,1.9,Medium
2025-05-05 22:00:00,Yes,9.6,97.0,0.67,Medium
2025-05-05 22:30:00,Yes,19.5,74.6,0.82,Medium
2025-05-05 23:00:00,Yes,19.8,91.0,0.59,High
2025-05-05 23:30:00,Yes,20.8,76.4,0.45,Medium
2025-05-06 00:00:00,No,21.5,62.9,0.0,Low
2025-05-06 00:30:00,Yes,23.7,81.7,0.35,Medium
2025-05-06 01:00:00,No,20.1,83.5,0.07,Low
2025-05-06 01:30:00,No,16.1,82.0,0.0,Low
2025-05-06 02:00:00,Yes,22.0,63.0,1.32,Medium
2025-05-06 02:30:00,Yes,22.4,82.6,1.29,Medium
2025-05-06 03:00:00,Yes,28.3,90.1,0.0,Medium
2025-05-06 03:30:00,Yes,13.6,73.8,0.52,Medium
2025-05-06 04:00:00,Yes,22.6,72.7,0.65,Medium
2025-05-06 04:30:00,No,16.2,73.9,0.0,Low
2025-05-06 05:00:00,No,15.4,66.5,0.0,Low
2025-05-06 05:30:00,Yes,25.3,70.5,2.61,Medium
2025-05-06 06:00:00,No,22.5,81.8,0.0,Low
2025-05-06 06:30:00,Yes,23.5,74.2,0.6,Medium
2025-05-06 07:00:00,Yes,32.8,79.0,1.42,Medium
2025-05-06 07:30:00,Yes,16.5,79.7,1.92,Medium
2025-05-06 08:00:00,Yes,16.9,98.1,1.07,Medium
2025-05-06 08:30:00,Yes,17.2,86.3,1.28,Medium
2025-05-06 09:00:00,No,23.1,64.3,0.0,Low
2025-05-06 09:30:00,Yes,18.8,79.3,1.0,Medium
2025-05-06 10:00:00,Yes,20.9,66.6,0.8,Medium
2025-05-06 10:30:00,Yes,23.1,85.6,1.36,Medium
2025-05-06 11:00:00,Yes,24.2,84.6,0.44,Medium
2025-05-06 11:30:00,Yes,11.7,84.3,0.67,Medium
2025-05-06 12:00:00,No,21.4,67.2,0.0,Low
2025-05-06 12:30:00,Yes,25.3,79.6,1.05,Medium
2025-05-06 13:00:00,Yes,20.1,80.3,1.25,Medium
2025-05-06 13:30:00,No,17.4,81.0,0.13,Low
2025-05-06 14:00:00,Yes,17.8,76.9,0.68,Medium
2025-05-06 14:30:00,Yes,17.6,92.6,0.0,Medium
2025-05-06 15:00:00,Yes,19.1,75.6,1.66,Medium
2025-05-06 15:30:00,Yes,21.0,90.3,0.0,High
2025-05-06 16:00:00,Yes,21.3,88.9,0.57,Medium
2025-05-06 16:30:00,Yes,25.3,74.8,1.63,Medium
2025-05-06 17:00:00,No,31.5,76.4,0.14,Low
2025-05-06 17:30:00,Yes,27.3,95.8,0.08,High
2025-05-06 18:00:00,No,17.9,77.2,0.0,Low
2025-05-06 18:30:00,No,15.4,70.0,0.0,Low
2025-05-06 19:00:00,Yes,19.8,82.3,1.74,Medium
2025-05-06 19:30:00,Yes,15.0,89.8,0.33,Medium
2025-05-06 20:00:00,Yes,19.8,86.7,0.0,Medium
2025-05-06 20:30:00,Yes,21.9,81.7,0.89,Medium
2025-05-06 21:00:00,Yes,21.4,104.6,0.0,High
2025-05-06 21:30:00,No,17.3,73.8,0.06,Low
2025-05-06 22:00:00,Yes,16.8,91.9,1.64,Medium
2025-05-06 22:30:00,Yes,17.1,71.7,0.88,Medium
2025-05-06 23:00:00,Yes,17.2,86.3,0.66,Medium
2025-05-06 23:30:00,Yes,12.4,95.5,1.94,Medium
2025-05-07 00:00:00,Yes,16.9,76.1,0.73,Medium
2025-05-07 00:30:00,Yes,21.7,86.6,2.11,Medium
2025-05-07 01:00:00,No,19.1,72.0,0.0,Low
2025-05-07 01:30:00,Yes,16.3,79.7,1.94,Medium
2025-05-07 02:00:00,Yes,17.4,82.2,0.49,Medium
2025-05-07 02:30:00,Yes,25.9,105.3,0.08,High
2025-05-07 03:00:00,Yes,17.6,90.4,1.05,Medium
2025-05-07 03:30:00,Yes,29.2,85.8,0.21,Medium
2025-05-07 04:00:00,Yes,23.0,91.1,1.16,High
2025-05-07 04:30:00,Yes,22.5,90.7,1.44,High
2025-05-07 05:00:00,Yes,26.9,86.5,0.37,Medium
2025-05-07 05:30:00,Yes,20.7,92.1,0.0,High
2025-05-07 06:00:00,Yes,21.8,76.1,0.52,Medium
2025-05-07 06:30:00,Yes,26.4,81.9,0.54,Medium
2025-05-07 07:00:00,Yes,13.2,87.5,1.02,Medium
2025-05-07 07:30:00,Yes,30.8,76.9,0.68,Medium
2025-05-07 08:00:00,Yes,21.2,95.8,0.42,High
2025-05-07 08:30:00,Yes,21.4,86.1,0.65,Medium
2025-05-07 09:00:00,Yes,17.8,81.9,1.36,Medium
2025-05-07 09:30:00,No,14.9,81.3,0.0,Low
2025-05-07 10:00:00,No,26.0,64.8,0.05,Low
2025-05-07 10:30:00,Yes,21.9,95.7,0.45,High
2025-05-07 11:00:00,Yes,17.2,98.8,0.0,Medium
2025-05-07 11:30:00,No,9.0,84.4,0.1,Low
2025-05-07 12:00:00,Yes,14.9,87.1,0.7,Medium
2025-05-07 12:30:00,Yes,17.2,67.2,1.2,Medium
2025-05-07 13:00:00,Yes,23.3,79.0,1.98,Medium
2025-05-07 13:30:00,No,14.6,64.7,0.0,Low
2025-05-07 14:00:00,Yes,19.8,82.4,0.31,Medium
2025-05-07 14:30:00,Yes,21.8,67.5,1.66,Medium
2025-05-07 15:00:00,Yes,19.6,91.2,0.77,High
2025-05-07 15:30:00,Yes,22.3,85.7,0.86,Medium
2025-05-07 16:00:00,Yes,23.2,93.3,0.66,High
2025-05-07 16:30:00,Yes,23.5,79.1,1.65,Medium
2025-05-07 17:00:00,Yes,16.6,98.0,0.47,Medium
2025-05-07 17:30:00,No,12.8,81.3,0.0,Low
2025-05-07 18:00:00,No,24.2,73.5,0.14,Low
2025-05-07 18:30:00,No,10.6,75.5,0.0,Low
2025-05-07 19:00:00,Yes,12.1,87.6,1.13,Medium
2025-05-07 19:30:00,Yes,22.1,70.3,0.46,Medium
2025-05-07 20:00:00,Yes,20.0,68.4,1.7,Medium
2025-05-07 20:30:00,Yes,24.4,77.8,0.52,Medium
2025-05-07 21:00:00,Yes,21.0,59.6,0.3,Medium
2025-05-07 21:30:00,Yes,16.6,70.0,0.28,Low
2025-05-07 22:00:00,Yes,29.0,86.4,0.04,Medium
2025-05-07 22:30:00,Yes,22.9,94.0,1.24,High
2025-05-07 23:00:00,Yes,20.3,73.5,1.06,Medium
2025-05-07 23:30:00,Yes,22.0,89.0,1.01,Medium
2025-05-08 00:00:00,Yes,25.2,74.6,1.55,Medium
2025-05-08 00:30:00,Yes,21.0,100.8,0.0,High
2025-05-08 01:00:00,No,28.7,82.0,0.0,Low
2025-05-08 01:30:00,Yes,17.6,76.8,0.84,Medium
2025-05-08 02:00:00,Yes,22.6,74.3,0.48,Medium
2025-05-08 02:30:00,Yes,30.7,97.3,0.85,Medium
2025-05-08 03:00:00,Yes,20.2,81.2,0.99,Medium
2025-05-08 03:30:00,No,14.9,77.4,0.0,Low
2025-05-08 04:00:00,Yes,22.0,86.5,0.11,Medium
2025-05-08 04:30:00,No,27.9,67.7,0.0,Low
2025-05-08 05:00:00,Yes,21.1,90.5,1.85,High
2025-05-08 05:30:00,Yes,17.7,90.8,0.47,Medium
2025-05-08 06:00:00,Yes,19.1,88.8,1.02,Medium
2025-05-08 06:30:00,Yes,12.1,94.8,1.6,Medium
2025-05-08 07:00:00,Yes,16.9,84.0,0.9,Medium
2025-05-08 07:30:00,No,21.3,74.5,0.0,Low
2025-05-08 08:00:00,Yes,19.9,91.7,0.93,High
2025-05-08 08:30:00,Yes,18.1,87.7,0.0,Medium
2025-05-08 09:00:00,Yes,25.7,62.6,0.21,Low
2025-05-08 09:30:00,Yes,14.4,67.1,1.43,Medium
2025-05-08 10:00:00,Yes,17.7,83.5,0.46,Medium
2025-05-08 10:30:00,No,22.4,80.8,0.0,Low
2025-05-08 11:00:00,No,25.0,75.1,0.0,Low
2025-05-08 11:30:00,Yes,17.9,95.0,1.18,Medium
2025-05-08 12:00:00,Yes,18.3,76.5,0.24,Low
2025-05-08 12:30:00,Yes,30.4,83.8,0.84,Medium
2025-05-08 13:00:00,Yes,25.2,82.4,0.29,Medium
2025-05-08 13:30:00,Yes,19.0,79.3,0.47,Medium
2025-05-08 14:00:00,Yes,23.6,80.5,1.09,Medium
2025-05-08 14:30:00,No,19.6,80.8,0.0,Low
2025-05-08 15:00:00,Yes,24.6,83.5,1.3,Medium
2025-05-08 15:30:00,Yes,5.5,100.9,0.39,Medium
2025-05-08 16:00:00,Yes,25.5,69.6,0.99,Medium
2025-05-08 16:30:00,Yes,14.7,73.8,2.03,Medium
2025-05-08 17:00:00,Yes,19.0,82.2,1.2,Medium
2025-05-08 17:30:00,Yes,22.5,81.5,0.79,Medium
2025-05-08 18:00:00,Yes,32.0,79.4,0.66,Medium
2025-05-08 18:30:00,Yes,25.3,91.1,1.45,High
2025-05-08 19:00:00,Yes,23.2,68.6,1.81,Medium
2025-05-08 19:30:00,No,14.3,83.0,0.0,Low
2025-05-08 20:00:00,Yes,19.7,83.3,0.76,Medium
2025-05-08 20:30:00,Yes,22.1,96.1,0.86,High
2025-05-08 21:00:00,Yes,18.8,89.6,1.45,Medium
2025-05-08 21:30:00,Yes,13.9,86.0,1.06,Medium
2025-05-08 22:00:00,Yes,18.5,93.8,0.38,High
2025-05-08 22:30:00,Yes,20.6,78.3,0.51,Medium
2025-05-08 23:00:00,Yes,14.5,65.6,1.78,Medium
2025-05-08 23:30:00,No,15.8,70.1,0.0,Low
2025-05-09 00:00:00,Yes,16.8,66.8,1.81,Medium
2025-05-09 00:30:00,Yes,25.0,73.1,2.3,Medium
2025-05-09 01:00:00,No,24.9,76.8,0.0,Low
2025-05-09 01:30:00,No,31.5,66.1,0.0,Low
2025-05-09 02:00:00,Yes,25.1,104.4,1.61,High
2025-05-09 02:30:00,Yes,22.8,85.9,1.18,Medium
2025-05-09 03:00:00,Yes,23.8,82.8,0.58,Medium
2025-05-09 03:30:00,Yes,19.7,72.5,0.28,Low
2025-05-09 04:00:00,No,11.5,79.0,0.0,Low
2025-05-09 04:30:00,Yes,14.5,81.8,1.61,Medium
2025-05-09 05:00:00,No,24.6,64.3,0.0,Low
2025-05-09 05:30:00,Yes,24.7,70.2,0.32,Medium
2025-05-09 06:00:00,Yes,22.8,70.3,0.58,Medium
2025-05-09 06:30:00,Yes,13.3,74.0,0.76,Medium
2025-05-09 07:00:00,Yes,12.0,84.4,0.48,Medium
2025-05-09 07:30:00,Yes,22.8,82.2,1.59,Medium
2025-05-09 08:00:00,Yes,20.6,75.7,0.6,Medium
2025-05-09 08:30:00,Yes,22.7,80.5,0.53,Medium
2025-05-09 09:00:00,No,16.5,73.4,0.0,Low
2025-05-09 09:30:00,No,28.7,67.6,0.0,Low
2025-05-09 10:00:00,Yes,16.4,88.9,0.26,Medium
2025-05-09 10:30:00,Yes,26.2,73.3,0.72,Medium
2025-05-09 11:00:00,Yes,15.8,101.5,0.0,Medium
2025-05-09 11:30:00,Yes,21.5,86.3,0.83,Medium
2025-05-09 12:00:00,Yes,19.1,78.7,0.54,Medium
2025-05-09 12:30:00,Yes,19.3,89.6,2.27,Medium
2025-05-09 13:00:00,Yes,17.2,66.3,0.43,Medium
2025-05-09 13:30:00,Yes,32.9,72.0,1.81,Medium
2025-05-09 14:00:00,Yes,28.4,74.5,0.96,Medium
2025-05-09 14:30:00,Yes,28.1,76.2,0.34,Medium
2025-05-09 15:00:00,No,17.1,69.9,0.0,Low
2025-05-09 15:30:00,No,13.9,80.3,0.0,Low
2025-05-09 16:00:00,Yes,21.2,64.4,0.76,Medium
2025-05-09 16:30:00,Yes,24.2,60.1,0.8,Medium
2025-05-09 17:00:00,Yes,26.1,67.9,1.84,Medium
2025-05-09 17:30:00,Yes,22.1,72.9,0.46,Medium
2025-05-09 18:00:00,Yes,22.8,80.8,0.93,Medium
2025-05-09 18:30:00,No,15.4,81.7,0.0,Low
2025-05-09 19:00:00,No,19.4,71.0,0.0,Low
2025-05-09 19:30:00,Yes,26.2,90.9,0.99,High
2025-05-09 20:00:00,Yes,14.5,76.8,1.47,Medium
2025-05-09 20:30:00,Yes,20.7,103.2,0.81,High
2025-05-09 21:00:00,Yes,21.0,76.9,0.61,Medium
2025-05-09 21:30:00,Yes,19.2,87.1,1.27,Medium
2025-05-09 22:00:00,No,16.1,66.7,0.0,Low
2025-05-09 22:30:00,No,22.5,69.0,0.0,Low
2025-05-09 23:00:00,Yes,21.9,104.9,0.5,High
2025-05-09 23:30:00,Yes,24.2,80.8,0.42,Medium
2025-05-10 00:00:00,Yes,24.6,77.1,0.71,Medium
2025-05-10 00:30:00,Yes,21.6,73.3,1.29,Medium
2025-05-10 01:00:00,Yes,19.1,72.4,0.93,Medium
2025-05-10 01:30:00,Yes,15.5,80.3,0.49,Medium
2025-05-10 02:00:00,Yes,25.4,84.7,0.48,Medium
2025-05-10 02:30:00,Yes,24.1,93.9,0.95,High
2025-05-10 03:00:00,No,20.1,66.9,0.0,Low
2025-05-10 03:30:00,Yes,18.5,73.9,0.35,Medium
2025-05-10 04:00:00,Yes,20.3,85.3,0.44,Medium
2025-05-10 04:30:00,No,22.4,80.6,0.0,Low
2025-05-10 05:00:00,No,15.3,78.6,0.0,Low
2025-05-10 05:30:00,Yes,23.0,95.3,1.48,High
2025-05-10 06:00:00,Yes,18.9,94.9,0.62,High
2025-05-10 06:30:00,Yes,18.3,73.9,0.26,Low
2025-05-10 07:00:00,Yes,18.1,81.7,0.63,Medium
2025-05-10 07:30:00,Yes,20.0,84.4,1.45,Medium
2025-05-10 08:00:00,No,24.7,65.2,0.0,Low
2025-05-10 08:30:00,Yes,24.7,66.3,0.32,Medium
2025-05-10 09:00:00,Yes,14.1,62.0,0.93,Medium
2025-05-10 09:30:00,No,23.8,74.2,0.0,Low
2025-05-10 10:00:00,No,17.3,83.9,0.0,Low
2025-05-10 10:30:00,Yes,20.9,79.8,0.96,Medium
2025-05-10 11:00:00,Yes,20.6,70.3,1.46,Medium
2025-05-10 11:30:00,No,19.2,79.7,0.0,Low
2025-05-10 12:00:00,Yes,17.8,71.2,0.36,Medium
2025-05-10 12:30:00,No,28.6,66.3,0.0,Low
2025-05-10 13:00:00,No,27.4,77.9,0.0,Low
2025-05-10 13:30:00,Yes,25.2,73.9,1.96,Medium
2025-05-10 14:00:00,Yes,23.4,75.1,2.23,Medium
2025-05-10 14:30:00,Yes,17.0,87.4,0.74,Medium
2025-05-10 15:00:00,Yes,26.5,95.6,0.53,High
2025-05-10 15:30:00,No,16.2,84.6,0.0,Low
2025-05-10 16:00:00,Yes,30.1,81.4,0.21,Medium
2025-05-10 16:30:00,No,20.9,66.5,0.0,Low
2025-05-10 17:00:00,No,26.0,73.4,0.0,Low
2025-05-10 17:30:00,Yes,22.7,91.9,1.08,High
2025-05-10 18:00:00,No,25.0,72.4,0.0,Low
2025-05-10 18:30:00,Yes,27.5,76.8,0.3,Low
2025-05-10 19:00:00,Yes,26.6,85.6,0.86,Medium
2025-05-10 19:30:00,Yes,30.8,73.6,1.24,Medium
2025-05-10 20:00:00,Yes,20.3,82.7,1.72,Medium
2025-05-10 20:30:00,Yes,22.5,85.4,1.36,Medium
2025-05-10 21:00:00,No,18.2,71.6,0.0,Low
2025-05-10 21:30:00,Yes,10.2,100.6,0.0,Medium
2025-05-10 22:00:00,Yes,18.9,77.2,0.75,Medium
2025-05-10 22:30:00,Yes,24.1,88.6,0.03,Medium
2025-05-10 23:00:00,Yes,19.2,82.8,0.3,Medium
2025-05-10 23:30:00,Yes,28.0,84.9,1.09,Medium
2025-05-11 00:00:00,Yes,23.3,91.7,0.64,High
2025-05-11 00:30:00,No,13.5,84.0,0.0,Low
2025-05-11 01:00:00,Yes,17.4,85.9,1.49,Medium
2025-05-11 01:30:00,Yes,20.1,83.1,1.86,Medium
2025-05-11 02:00:00,Yes,21.2,106.0,0.95,High
2025-05-11 02:30:00,Yes,11.2,87.5,0.8,Medium
2025-05-11 03:00:00,Yes,26.4,86.7,0.39,Medium
2025-05-11 03:30:00,No,13.9,77.9,0.0,Low
2025-05-11 04:00:00,Yes,17.1,85.9,1.84,Medium
2025-05-11 04:30:00,Yes,22.0,68.0,0.86,Medium
2025-05-11 05:00:00,Yes,26.0,73.9,0.39,Medium
2025-05-11 05:30:00,Yes,20.1,72.2,1.02,Medium
2025-05-11 06:00:00,No,19.4,84.2,0.0,Low
2025-05-11 06:30:00,Yes,17.8,87.2,0.2,Medium
2025-05-11 07:00:00,Yes,28.6,76.0,0.68,Medium
2025-05-11 07:30:00,No,24.7,65.8,0.0,Low
2025-05-11 08:00:00,Yes,12.4,92.6,0.06,Medium
2025-05-11 08:30:00,Yes,32.8,74.4,0.65,Medium
2025-05-11 09:00:00,Yes,27.7,100.1,2.15,High
2025-05-11 09:30:00,Yes,26.0,90.2,0.97,High
2025-05-11 10:00:00,No,23.9,74.5,0.0,Low
2025-05-11 10:30:00,No,20.0,78.3,0.14,Low
2025-05-11 11:00:00,Yes,23.5,89.6,0.57,Medium
2025-05-11 11:30:00,Yes,27.4,68.6,0.35,Medium
2025-05-11 12:00:00,Yes,16.4,61.3,0.43,Medium
2025-05-11 12:30:00,Yes,19.4,95.1,1.0,High
2025-05-11 13:00:00,Yes,14.9,98.5,1.48,Medium
2025-05-11 13:30:00,No,22.9,77.7,0.0,Low
2025-05-11 14:00:00,Yes,18.1,90.9,2.01,High
2025-05-11 14:30:00,No,27.7,75.1,0.0,Low
2025-05-11 15:00:00,Yes,20.7,62.3,0.76,Medium
2025-05-11 15:30:00,No,19.3,75.3,0.0,Low
2025-05-11 16:00:00,No,22.6,74.7,0.0,Low
2025-05-11 16:30:00,Yes,5.6,79.7,1.92,Medium
2025-05-11 17:00:00,No,28.3,75.4,0.02,Low
2025-05-11 17:30:00,Yes,22.3,70.0,0.74,Medium
2025-05-11 18:00:00,Yes,23.8,92.3,0.42,High
2025-05-11 18:30:00,No,19.0,71.2,0.0,Low
2025-05-11 19:00:00,Yes,18.9,83.7,1.23,Medium
2025-05-11 19:30:00,Yes,16.0,94.9,0.28,Medium
2025-05-11 20:00:00,No,19.9,72.5,0.0,Low
2025-05-11 20:30:00,Yes,24.4,87.4,0.27,Medium
2025-05-11 21:00:00,Yes,20.3,85.2,0.0,Medium
2025-05-11 21:30:00,Yes,17.4,87.9,0.0,Medium
2025-05-11 22:00:00,Yes,21.5,66.4,0.87,Medium
2025-05-11 22:30:00,Yes,19.8,63.8,1.43,Medium
2025-05-11 23:00:00,Yes,16.3,71.9,0.66,Medium
2025-05-11 23:30:00,Yes,25.7,69.8,0.55,Medium
2025-05-12 00:00:00,Yes,22.1,86.9,0.64,Medium
2025-05-12 00:30:00,Yes,18.2,71.7,0.57,Medium
2025-05-12 01:00:00,Yes,14.6,50.8,0.85,Medium
2025-05-12 01:30:00,No,24.5,56.4,0.0,Low
2025-05-12 02:00:00,Yes,23.1,100.6,0.52,High
2025-05-12 02:30:00,Yes,16.4,78.2,1.6,Medium
2025-05-12 03:00:00,No,16.8,72.0,0.11,Low
2025-05-12 03:30:00,Yes,15.2,81.2,1.8,Medium
2025-05-12 04:00:00,Yes,21.6,77.5,0.27,Low
2025-05-12 04:30:00,Yes,12.2,88.8,0.44,Medium
2025-05-12 05:00:00,Yes,19.1,111.9,0.74,High
2025-05-12 05:30:00,Yes,16.2,75.7,1.42,Medium
2025-05-12 06:00:00,Yes,20.6,65.6,1.24,Medium
2025-05-12 06:30:00,Yes,16.7,98.7,1.36,Medium
2025-05-12 07:00:00,Yes,17.8,92.8,0.55,Medium
2025-05-12 07:30:00,No,24.3,84.8,0.0,Low
2025-05-12 08:00:00,Yes,16.8,90.3,0.23,Medium
2025-05-12 08:30:00,Yes,18.0,70.4,0.84,Medium
2025-05-12 09:00:00,Yes,30.3,69.3,0.52,Medium
2025-05-12 09:30:00,Yes,27.1,79.2,0.86,Medium
2025-05-12 10:00:00,Yes,14.7,84.3,0.35,Medium
2025-05-12 10:30:00,Yes,24.9,91.9,2.57,High
2025-05-12 11:00:00,Yes,22.9,83.3,0.66,Medium
2025-05-12 11:30:00,Yes,18.2,83.4,0.26,Medium
2025-05-12 12:00:00,Yes,20.8,93.2,0.0,High
2025-05-12 12:30:00,Yes,25.7,93.2,0.41,High
2025-05-12 13:00:00,Yes,9.4,73.9,1.54,Medium
2025-05-12 13:30:00,No,19.9,70.0,0.1,Low
2025-05-12 14:00:00,Yes,24.2,85.5,0.31,Medium
2025-05-12 14:30:00,No,18.2,76.1,0.0,Low
2025-05-12 15:00:00,Yes,28.1,76.8,1.47,Medium
2025-05-12 15:30:00,Yes,27.6,90.0,0.15,Medium
2025-05-12 16:00:00,No,22.0,79.8,0.0,Low
2025-05-12 16:30:00,Yes,21.6,68.2,1.45,Medium
2025-05-12 17:00:00,Yes,17.7,82.0,0.73,Medium
2025-05-12 17:30:00,Yes,18.7,85.9,0.12,Medium
2025-05-12 18:00:00,Yes,24.4,66.5,0.6,Medium
2025-05-12 18:30:00,No,29.7,70.0,0.0,Low
2025-05-12 19:00:00,Yes,22.6,81.8,0.78,Medium
2025-05-12 19:30:00,Yes,22.4,86.3,1.39,Medium
2025-05-12 20:00:00,Yes,22.0,77.6,1.04,Medium
2025-05-12 20:30:00,No,29.5,78.7,0.0,Low
2025-05-12 21:00:00,No,25.5,78.8,0.0,Low
2025-05-12 21:30:00,Yes,24.2,74.6,0.43,Medium
2025-05-12 22:00:00,Yes,21.7,81.9,1.07,Medium
2025-05-12 22:30:00,Yes,17.8,85.1,0.29,Medium
2025-05-12 23:00:00,Yes,23.7,86.2,0.0,Medium
2025-05-12 23:30:00,Yes,25.4,74.6,1.15,Medium
2025-05-13 00:00:00,Yes,21.8,98.4,0.32,High
2025-05-13 00:30:00,Yes,18.3,79.8,0.26,Low
2025-05-13 01:00:00,No,24.0,63.8,0.0,Low
2025-05-13 01:30:00,Yes,14.7,89.5,1.87,Medium
2025-05-13 02:00:00,Yes,19.5,78.3,0.56,Medium
2025-05-13 02:30:00,Yes,25.8,70.7,0.69,Medium
2025-05-13 03:00:00,Yes,24.9,85.0,0.65,Medium
2025-05-13 03:30:00,Yes,25.0,53.0,1.04,Medium
2025-05-13 04:00:00,Yes,16.7,61.7,0.91,Medium
2025-05-13 04:30:00,Yes,26.9,78.6,1.26,Medium
2025-05-13 05:00:00,Yes,28.1,93.1,1.81,Medium
2025-05-13 05:30:00,No,23.7,80.8,0.0,Low
2025-05-13 06:00:00,Yes,18.8,71.6,2.24,Medium
2025-05-13 06:30:00,Yes,19.1,81.2,0.94,Medium
2025-05-13 07:00:00,Yes,20.2,97.0,0.0,High
2025-05-13 07:30:00,No,21.0,72.6,0.0,Low
2025-05-13 08:00:00,No,16.9,79.6,0.16,Low
2025-05-13 08:30:00,Yes,16.5,65.9,0.43,Medium
2025-05-13 09:00:00,Yes,12.5,87.6,0.57,Medium
2025-05-13 09:30:00,No,12.7,76.9,0.0,Low
2025-05-13 10:00:00,Yes,21.6,93.4,0.0,High
2025-05-13 10:30:00,Yes,20.6,78.4,1.04,Medium
2025-05-13 11:00:00,Yes,21.1,72.5,0.24,Low
2025-05-13 11:30:00,Yes,16.0,90.8,0.52,Medium
2025-05-13 12:00:00,No,29.5,79.4,0.0,Low
2025-05-13 12:30:00,No,12.4,62.0,0.0,Low
2025-05-13 13:00:00,Yes,21.3,85.1,0.0,Medium
2025-05-13 13:30:00,Yes,24.5,75.2,0.62,Medium
2025-05-13 14:00:00,Yes,28.1,89.0,0.29,Medium
2025-05-13 14:30:00,No,15.5,58.5,0.0,Low
2025-05-13 15:00:00,Yes,18.9,70.1,0.39,Medium
2025-05-13 15:30:00,No,20.4,77.8,0.0,Low
2025-05-13 16:00:00,No,20.8,84.4,0.0,Low
2025-05-13 16:30:00,Yes,27.1,79.0,0.52,Medium
2025-05-13 17:00:00,Yes,23.5,82.3,1.26,Medium
2025-05-13 17:30:00,Yes,21.4,73.9,0.79,Medium
2025-05-13 18:00:00,Yes,14.3,81.1,0.47,Medium
2025-05-13 18:30:00,No,19.0,78.7,0.0,Low
2025-05-13 19:00:00,Yes,17.3,80.9,0.63,Medium
2025-05-13 19:30:00,Yes,14.9,92.7,0.0,Medium
2025-05-13 20:00:00,No,24.8,84.3,0.0,Low
2025-05-13 20:30:00,Yes,28.9,68.1,1.24,Medium
2025-05-13 21:00:00,Yes,25.0,73.3,1.61,Medium
2025-05-13 21:30:00,Yes,18.7,82.9,0.71,Medium
2025-05-13 22:00:00,Yes,19.3,88.1,1.13,Medium
2025-05-13 22:30:00,Yes,11.3,93.0,0.0,Medium
2025-05-13 23:00:00,Yes,25.2,91.3,0.0,High
2025-05-13 23:30:00,Yes,17.9,68.9,0.33,Medium
2025-05-14 00:00:00,Yes,18.5,87.8,1.55,Medium
2025-05-14 00:30:00,Yes,27.0,74.4,0.33,Medium
2025-05-14 01:00:00,Yes,11.6,71.9,1.27,Medium
2025-05-14 01:30:00,No,28.1,67.7,0.03,Low
2025-05-14 02:00:00,No,19.9,82.8,0.0,Low
2025-05-14 02:30:00,Yes,22.1,75.3,0.49,Medium
2025-05-14 03:00:00,No,22.7,80.1,0.15,Low
2025-05-14 03:30:00,Yes,19.5,79.1,0.2,Low
2025-05-14 04:00:00,Yes,18.7,96.0,0.95,High
2025-05-14 04:30:00,Yes,18.5,87.0,0.23,Medium
2025-05-14 05:00:00,Yes,25.9,83.7,0.41,Medium
2025-05-14 05:30:00,No,22.2,64.3,0.0,Low
2025-05-14 06:00:00,Yes,14.0,81.4,1.89,Medium
2025-05-14 06:30:00,Yes,31.2,86.4,0.9,Medium
2025-05-14 07:00:00,No,11.0,74.6,0.0,Low
2025-05-14 07:30:00,No,16.9,78.3,0.12,Low
2025-05-14 08:00:00,Yes,10.1,87.5,0.0,Medium
2025-05-14 08:30:00,Yes,21.2,100.7,0.0,High
2025-05-14 09:00:00,Yes,7.3,77.1,1.38,Medium
2025-05-14 09:30:00,Yes,29.8,67.7,0.9,Medium
2025-05-14 10:00:00,Yes,17.7,78.9,2.62,Medium
2025-05-14 10:30:00,Yes,12.5,82.5,0.87,Medium
2025-05-14 11:00:00,Yes,25.4,81.0,0.75,Medium
2025-05-14 11:30:00,Yes,18.0,82.7,0.23,Medium
2025-05-14 12:00:00,Yes,23.1,76.3,0.8,Medium
2025-05-14 12:30:00,Yes,19.9,91.3,0.46,High
2025-05-14 13:00:00,Yes,11.1,92.6,0.0,Medium
2025-05-14 13:30:00,Yes,16.7,74.0,1.6,Medium
2025-05-14 14:00:00,Yes,9.3,111.4,1.34,Medium
2025-05-14 14:30:00,Yes,21.1,79.5,0.73,Medium
2025-05-14 15:00:00,Yes,22.6,86.5,0.94,Medium
2025-05-14 15:30:00,Yes,20.4,78.0,0.38,Medium
2025-05-14 16:00:00,Yes,19.0,91.3,0.97,High
2025-05-14 16:30:00,Yes,5.3,86.6,0.66,Medium
2025-05-14 17:00:00,Yes,19.9,76.1,1.4,Medium
2025-05-14 17:30:00,Yes,24.7,72.3,0.83,Medium
2025-05-14 18:00:00,No,15.1,66.2,0.0,Low
2025-05-14 18:30:00,Yes,24.3,89.5,0.91,Medium
2025-05-14 19:00:00,Yes,23.6,85.2,0.0,Medium
2025-05-14 19:30:00,Yes,22.2,88.0,1.1,Medium
2025-05-14 20:00:00,Yes,25.9,87.1,0.78,Medium
2025-05-14 20:30:00,No,25.4,79.7,0.0,Low
2025-05-14 21:00:00,No,19.2,72.6,0.0,Low
2025-05-14 21:30:00,Yes,19.3,72.1,0.25,Low
2025-05-14 22:00:00,Yes,10.5,82.1,0.5,Medium
2025-05-14 22:30:00,Yes,15.9,86.6,1.25,Medium
2025-05-14 23:00:00,No,12.0,72.4,0.0,Low
2025-05-14 23:30:00,Yes,15.3,88.3,0.34,Medium
2025-05-15 00:00:00,Yes,18.7,60.0,1.01,Medium
2025-05-15 00:30:00,Yes,13.8,80.6,0.72,Medium
2025-05-15 01:00:00,No,26.8,66.9,0.0,Low
2025-05-15 01:30:00,Yes,20.9,98.0,1.49,High
2025-05-15 02:00:00,Yes,21.0,75.1,1.15,Medium
2025-05-15 02:30:00,Yes,15.1,84.8,0.9,Medium
2025-05-15 03:00:00,Yes,25.3,107.6,0.81,High
2025-05-15 03:30:00,No,17.5,79.7,0.0,Low
2025-05-15 04:00:00,No,16.5,75.9,0.08,Low
2025-05-15 04:30:00,Yes,20.8,71.8,1.4,Medium
2025-05-15 05:00:00,Yes,20.0,79.9,0.24,Low
2025-05-15 05:30:00,Yes,20.8,88.3,0.0,Medium
2025-05-15 06:00:00,No,16.7,77.0,0.0,Low
2025-05-15 06:30:00,Yes,15.9,75.2,1.2,Medium
2025-05-15 07:00:00,Yes,21.3,81.9,1.18,Medium
2025-05-15 07:30:00,Yes,19.3,83.9,0.42,Medium
2025-05-15 08:00:00,No,21.3,74.2,0.0,Low
2025-05-15 08:30:00,Yes,19.3,94.2,1.24,High
2025-05-15 09:00:00,Yes,24.8,92.4,0.57,High
2025-05-15 09:30:00,Yes,21.0,73.8,0.25,Low
2025-05-15 10:00:00,Yes,23.1,92.0,0.39,High
2025-05-15 10:30:00,Yes,17.7,80.0,0.98,Medium
2025-05-15 11:00:00,No,12.8,57.0,0.06,Low
2025-05-15 11:30:00,Yes,13.9,74.9,0.38,Medium
2025-05-15 12:00:00,Yes,17.7,94.5,0.76,Medium
2025-05-15 12:30:00,Yes,21.5,86.2,0.0,Medium
2025-05-15 13:00:00,Yes,25.2,79.2,1.04,Medium
2025-05-15 13:30:00,Yes,14.6,64.5,1.15,Medium
2025-05-15 14:00:00,No,21.9,71.0,0.0,Low
2025-05-15 14:30:00,Yes,25.6,68.1,1.81,Medium
2025-05-15 15:00:00,Yes,15.5,86.4,0.24,Medium
2025-05-15 15:30:00,Yes,23.0,74.6,0.37,Medium
2025-05-15 16:00:00,Yes,20.2,70.0,1.09,Medium
2025-05-15 16:30:00,No,17.4,77.7,0.0,Low
2025-05-15 17:00:00,Yes,7.2,78.1,2.43,Medium
2025-05-15 17:30:00,Yes,23.9,79.8,0.29,Low
2025-05-15 18:00:00,Yes,20.1,85.5,0.0,Medium
2025-05-15 18:30:00,Yes,25.6,87.2,1.07,Medium
2025-05-15 19:00:00,Yes,22.2,80.2,1.04,Medium
2025-05-15 19:30:00,No,23.0,76.5,0.04,Low
2025-05-15 20:00:00,Yes,20.5,95.5,0.0,High
2025-05-15 20:30:00,Yes,12.7,81.6,0.54,Medium
2025-05-15 21:00:00,Yes,20.9,82.4,0.32,Medium
2025-05-15 21:30:00,No,27.4,64.0,0.0,Low
2025-05-15 22:00:00,Yes,19.5,63.6,0.36,Medium
2025-05-15 22:30:00,Yes,28.3,80.2,0.68,Medium
2025-05-15 23:00:00,No,13.7,73.8,0.2,Low
2025-05-15 23:30:00,Yes,18.4,92.8,0.95,High
2025-05-16 00:00:00,Yes,14.4,82.5,0.9,Medium
2025-05-16 00:30:00,Yes,25.7,95.8,0.0,High
2025-05-16 01:00:00,Yes,15.9,67.4,0.31,Medium
2025-05-16 01:30:00,Yes,22.3,89.9,0.44,Medium
2025-05-16 02:00:00,No,18.4,81.5,0.0,Low
2025-05-16 02:30:00,Yes,30.4,63.9,0.65,Medium
2025-05-16 03:00:00,Yes,30.1,80.1,0.35,Medium
2025-05-16 03:30:00,Yes,18.2,78.2,1.6,Medium
2025-05-16 04:00:00,Yes,8.9,95.3,0.0,Medium
2025-05-16 04:30:00,Yes,18.7,75.7,0.97,Medium
2025-05-16 05:00:00,Yes,12.0,84.6,2.12,Medium
2025-05-16 05:30:00,No,13.2,81.9,0.0,Low
2025-05-16 06:00:00,No,22.1,80.2,0.0,Low
2025-05-16 06:30:00,Yes,22.4,98.0,0.35,High
2025-05-16 07:00:00,No,23.6,67.1,0.0,Low
2025-05-16 07:30:00,Yes,22.4,94.8,0.78,High
2025-05-16 08:00:00,No,18.4,80.0,0.0,Low
2025-05-16 08:30:00,Yes,23.0,88.8,0.14,Medium
2025-05-16 09:00:00,No,17.6,82.7,0.15,Low
2025-05-16 09:30:00,Yes,19.7,101.0,0.3,High
2025-05-16 10:00:00,Yes,18.2,73.5,1.1,Medium
2025-05-16 10:30:00,Yes,19.1,73.5,1.56,Medium
2025-05-16 11:00:00,No,27.1,74.0,0.0,Low
2025-05-16 11:30:00,Yes,25.0,73.2,1.13,Medium
2025-05-16 12:00:00,Yes,10.1,88.9,0.0,Medium
2025-05-16 12:30:00,No,23.7,80.1,0.0,Low
2025-05-16 13:00:00,Yes,18.0,86.9,0.58,Medium
2025-05-16 13:30:00,Yes,22.9,99.8,0.0,High
2025-05-16 14:00:00,No,28.1,81.0,0.0,Low
2025-05-16 14:30:00,Yes,13.3,78.1,1.24,Medium
2025-05-16 15:00:00,Yes,19.4,95.1,0.0,High
2025-05-16 15:30:00,Yes,19.9,67.5,0.79,Medium
2025-05-16 16:00:00,No,24.4,75.8,0.0,Low
2025-05-16 16:30:00,Yes,21.0,84.4,0.82,Medium
2025-05-16 17:00:00,Yes,26.2,69.3,1.04,Medium
2025-05-16 17:30:00,Yes,26.0,62.2,0.76,Medium
2025-05-16 18:00:00,Yes,17.5,79.2,0.78,Medium
2025-05-16 18:30:00,Yes,17.6,73.2,0.53,Medium
2025-05-16 19:00:00,Yes,14.6,69.1,1.04,Medium
2025-05-16 19:30:00,Yes,14.3,86.7,0.87,Medium
2025-05-16 20:00:00,Yes,11.4,73.2,1.46,Medium
2025-05-16 20:30:00,Yes,15.1,75.4,0.87,Medium
2025-05-16 21:00:00,No,23.9,77.5,0.02,Low
2025-05-16 21:30:00,Yes,27.1,97.4,1.28,High
2025-05-16 22:00:00,No,20.4,71.9,0.0,Low
2025-05-16 22:30:00,Yes,22.6,84.2,1.62,Medium
2025-05-16 23:00:00,Yes,23.3,65.0,1.34,Medium
2025-05-16 23:30:00,Yes,15.0,76.2,0.7,Medium
2025-05-17 00:00:00,Yes,30.0,111.1,0.99,Medium
2025-05-17 00:30:00,Yes,19.1,85.3,1.21,Medium
2025-05-17 01:00:00,Yes,18.4,98.0,0.68,High
2025-05-17 01:30:00,Yes,22.5,86.7,0.84,Medium
2025-05-17 02:00:00,No,24.2,73.8,0.05,Low
2025-05-17 02:30:00,Yes,14.5,84.4,1.12,Medium
2025-05-17 03:00:00,Yes,22.3,96.7,0.5,High
2025-05-17 03:30:00,No,23.3,69.1,0.19,Low
2025-05-17 04:00:00,Yes,23.5,88.5,0.26,Medium
2025-05-17 04:30:00,Yes,19.6,64.8,0.21,Low
2025-05-17 05:00:00,Yes,24.5,85.8,0.9,Medium
2025-05-17 05:30:00,No,20.2,80.1,0.0,Low
2025-05-17 06:00:00,Yes,23.5,84.2,0.89,Medium
2025-05-17 06:30:00,Yes,17.4,58.5,1.38,Medium
2025-05-17 07:00:00,Yes,17.6,71.4,1.05,Medium
2025-05-17 07:30:00,Yes,18.0,90.6,0.99,High
2025-05-17 08:00:00,Yes,23.4,66.3,1.47,Medium
2025-05-17 08:30:00,Yes,21.3,76.3,0.61,Medium
2025-05-17 09:00:00,No,11.1,84.1,0.0,Low
2025-05-17 09:30:00,Yes,13.2,64.8,1.39,Medium
2025-05-17 10:00:00,Yes,16.9,95.3,0.07,Medium
2025-05-17 10:30:00,Yes,11.5,68.8,1.49,Medium
2025-05-17 11:00:00,Yes,19.2,74.5,0.63,Medium
2025-05-17 11:30:00,Yes,22.5,91.2,1.66,High
2025-05-17 12:00:00,No,18.2,66.7,0.17,Low
2025-05-17 12:30:00,No,21.3,70.4,0.0,Low
2025-05-17 13:00:00,Yes,21.7,79.5,0.53,Medium
2025-05-17 13:30:00,No,16.2,77.7,0.0,Low
2025-05-17 14:00:00,Yes,24.5,90.4,0.0,High
2025-05-17 14:30:00,No,15.4,65.0,0.0,Low
2025-05-17 15:00:00,No,19.6,65.5,0.0,Low
2025-05-17 15:30:00,Yes,15.0,82.1,0.56,Medium
2025-05-17 16:00:00,No,16.4,81.8,0.06,Low
2025-05-17 16:30:00,Yes,18.6,96.7,1.57,High
2025-05-17 17:00:00,Yes,13.5,88.3,1.15,Medium
2025-05-17 17:30:00,Yes,14.3,88.2,1.73,Medium
2025-05-17 18:00:00,Yes,14.4,70.8,1.31,Medium
2025-05-17 18:30:00,Yes,21.4,85.5,0.77,Medium
2025-05-17 19:00:00,Yes,22.0,66.7,1.34,Medium
2025-05-17 19:30:00,Yes,25.8,77.7,0.47,Medium
2025-05-17 20:00:00,Yes,12.3,85.1,0.96,Medium
2025-05-17 20:30:00,Yes,19.7,91.2,0.23,High
2025-05-17 21:00:00,Yes,22.8,69.8,0.48,Medium
2025-05-17 21:30:00,Yes,19.1,82.3,0.2,Medium
2025-05-17 22:00:00,Yes,19.3,88.3,0.15,Medium
2025-05-17 22:30:00,Yes,12.0,97.5,1.61,Medium
2025-05-17 23:00:00,Yes,13.5,86.9,0.1,Medium
2025-05-17 23:30:00,Yes,21.3,82.9,0.31,Medium
2025-05-18 00:00:00,No,16.1,73.1,0.0,Low
2025-05-18 00:30:00,No,15.8,79.3,0.0,Low
2025-05-18 01:00:00,Yes,23.4,94.9,0.04,High
2025-05-18 01:30:00,Yes,21.2,85.0,0.88,Medium
2025-05-18 02:00:00,Yes,20.4,87.4,0.89,Medium
2025-05-18 02:30:00,Yes,13.8,88.7,1.21,Medium
2025-05-18 03:00:00,Yes,16.2,80.4,1.05,Medium
2025-05-18 03:30:00,Yes,19.0,90.7,2.39,High
2025-05-18 04:00:00,Yes,16.1,66.2,0.74,Medium
2025-05-18 04:30:00,Yes,23.6,77.7,1.66,Medium
2025-05-18 05:00:00,Yes,13.3,86.9,0.02,Medium
2025-05-18 05:30:00,Yes,28.6,99.9,0.0,Medium
2025-05-18 06:00:00,Yes,17.3,88.6,0.19,Medium
2025-05-18 06:30:00,No,19.8,80.3,0.0,Low
2025-05-18 07:00:00,No,19.9,73.1,0.11,Low
2025-05-18 07:30:00,Yes,27.2,67.4,1.15,Medium
2025-05-18 08:00:00,Yes,18.6,77.2,1.13,Medium
2025-05-18 08:30:00,Yes,21.7,85.7,1.27,Medium
2025-05-18 09:00:00,No,18.3,73.9,0.0,Low
2025-05-18 09:30:00,Yes,15.9,109.5,1.5,Medium
2025-05-18 10:00:00,Yes,13.2,66.8,0.89,Medium
2025-05-18 10:30:00,Yes,22.7,85.5,0.3,Medium
2025-05-18 11:00:00,Yes,19.4,83.3,0.57,Medium
2025-05-18 11:30:00,No,8.9,77.7,0.0,Low
2025-05-18 12:00:00,Yes,20.9,109.9,0.79,High
2025-05-18 12:30:00,Yes,18.4,89.2,0.89,Medium
2025-05-18 13:00:00,Yes,22.1,86.1,2.15,Medium
2025-05-18 13:30:00,No,14.3,84.7,0.0,Low
2025-05-18 14:00:00,No,22.8,70.8,0.17,Low
2025-05-18 14:30:00,Yes,18.5,89.8,1.23,Medium
2025-05-18 15:00:00,No,13.8,80.5,0.0,Low
2025-05-18 15:30:00,Yes,13.7,77.8,0.25,Low
2025-05-18 16:00:00,No,32.1,84.3,0.0,Low
2025-05-18 16:30:00,Yes,17.2,90.2,2.17,Medium
2025-05-18 17:00:00,Yes,12.1,61.2,2.0,Medium
2025-05-18 17:30:00,Yes,21.9,71.3,0.93,Medium
2025-05-18 18:00:00,Yes,6.8,80.0,0.76,Medium
2025-05-18 18:30:00,Yes,24.6,69.9,0.57,Medium
2025-05-18 19:00:00,No,15.4,82.6,0.0,Low
2025-05-18 19:30:00,Yes,18.0,70.0,1.02,Medium
2025-05-18 20:00:00,Yes,24.3,77.7,0.53,Medium
2025-05-18 20:30:00,Yes,12.8,77.0,0.46,Medium
2025-05-18 21:00:00,Yes,33.1,68.9,1.67,Medium
2025-05-18 21:30:00,Yes,25.0,82.8,1.91,Medium
2025-05-18 22:00:00,Yes,21.9,83.9,0.46,Medium
2025-05-18 22:30:00,Yes,26.1,91.0,0.0,High
2025-05-18 23:00:00,No,13.4,78.0,0.0,Low
2025-05-18 23:30:00,Yes,19.7,92.4,0.13,High
2025-05-19 00:00:00,Yes,19.8,80.6,1.18,Medium
2025-05-19 00:30:00,Yes,8.8,73.9,0.67,Medium
2025-05-19 01:00:00,No,26.0,75.1,0.0,Low
2025-05-19 01:30:00,No,23.1,73.6,0.0,Low
2025-05-19 02:00:00,No,16.9,78.2,0.02,Low
2025-05-19 02:30:00,Yes,9.0,89.0,1.52,Medium
2025-05-19 03:00:00,Yes,23.3,68.6,0.34,Medium
2025-05-19 03:30:00,Yes,20.0,86.0,1.03,Medium
2025-05-19 04:00:00,Yes,16.3,80.8,0.87,Medium
2025-05-19 04:30:00,Yes,27.3,87.0,1.13,Medium
2025-05-19 05:00:00,Yes,20.4,94.1,0.83,High
2025-05-19 05:30:00,Yes,15.7,94.0,1.06,Medium
2025-05-19 06:00:00,Yes,17.8,75.2,0.74,Medium
2025-05-19 06:30:00,Yes,22.3,82.0,0.75,Medium
2025-05-19 07:00:00,Yes,28.5,90.7,0.65,Medium
2025-05-19 07:30:00,Yes,24.7,69.7,0.82,Medium
2025-05-19 08:00:00,No,29.0,77.8,0.0,Low
2025-05-19 08:30:00,No,16.7,69.1,0.0,Low
2025-05-19 09:00:00,Yes,18.1,65.9,0.51,Medium
2025-05-19 09:30:00,Yes,24.5,70.9,1.72,Medium
2025-05-19 10:00:00,Yes,22.6,90.3,0.0,High
2025-05-19 10:30:00,Yes,24.3,69.1,1.21,Medium
2025-05-19 11:00:00,Yes,20.9,85.5,0.0,Medium
2025-05-19 11:30:00,Yes,15.5,86.0,0.0,Medium
2025-05-19 12:00:00,Yes,22.3,66.3,1.18,Medium
2025-05-19 12:30:00,Yes,13.8,85.5,1.0,Medium
2025-05-19 13:00:00,Yes,16.5,85.8,0.71,Medium
2025-05-19 13:30:00,No,17.3,69.9,0.0,Low
2025-05-19 14:00:00,Yes,21.7,64.4,0.58,Medium
2025-05-19 14:30:00,Yes,18.7,86.8,0.26,Medium
2025-05-19 15:00:00,Yes,18.4,87.3,0.77,Medium
2025-05-19 15:30:00,No,21.6,84.7,0.0,Low
2025-05-19 16:00:00,Yes,23.8,86.1,0.0,Medium
2025-05-19 16:30:00,Yes,18.8,79.6,0.39,Medium
2025-05-19 17:00:00,Yes,21.7,94.3,1.37,High
2025-05-19 17:30:00,Yes,13.4,86.2,1.56,Medium
2025-05-19 18:00:00,Yes,21.9,90.9,2.11,High
2025-05-19 18:30:00,Yes,25.1,82.5,1.34,Medium
2025-05-19 19:00:00,Yes,20.7,80.2,0.22,Medium
2025-05-19 19:30:00,Yes,27.8,71.8,1.73,Medium
2025-05-19 20:00:00,Yes,22.5,66.0,0.79,Medium
2025-05-19 20:30:00,Yes,9.5,86.3,1.21,Medium
2025-05-19 21:00:00,Yes,17.0,81.2,2.06,Medium
2025-05-19 21:30:00,Yes,17.5,69.4,1.69,Medium
2025-05-19 22:00:00,Yes,29.8,80.0,1.31,Medium
2025-05-19 22:30:00,No,26.7,72.6,0.11,Low
2025-05-19 23:00:00,Yes,26.2,96.9,0.95,High
2025-05-19 23:30:00,Yes,15.6,99.9,0.08,Medium
2025-05-20 00:00:00,Yes,18.3,83.4,1.74,Medium
2025-05-20 00:30:00,Yes,24.3,84.1,0.87,Medium
2025-05-20 01:00:00,Yes,20.2,85.6,0.0,Medium
2025-05-20 01:30:00,No,18.5,82.4,0.0,Low
2025-05-20 02:00:00,Yes,21.9,78.0,1.9,Medium
2025-05-20 02:30:00,Yes,27.9,75.3,0.38,Medium
2025-05-20 03:00:00,Yes,19.6,75.5,0.66,Medium
2025-05-20 03:30:00,Yes,16.2,68.7,1.0,Medium
2025-05-20 04:00:00,Yes,23.1,72.0,1.22,Medium
2025-05-20 04:30:00,Yes,16.8,82.5,1.16,Medium
2025-05-20 05:00:00,No,19.8,84.5,0.09,Low
2025-05-20 05:30:00,No,19.0,77.9,0.0,Low
2025-05-20 06:00:00,No,19.1,64.5,0.11,Low
2025-05-20 06:30:00,Yes,18.6,77.4,0.31,Medium
2025-05-20 07:00:00,Yes,19.7,84.8,1.2,Medium
2025-05-20 07:30:00,No,16.8,68.0,0.0,Low
2025-05-20 08:00:00,No,17.6,76.5,0.0,Low
2025-05-20 08:30:00,Yes,13.5,75.4,0.65,Medium
2025-05-20 09:00:00,No,23.0,74.4,0.17,Low
2025-05-20 09:30:00,No,15.4,79.7,0.0,Low
2025-05-20 10:00:00,Yes,22.9,62.1,0.21,Low
2025-05-20 10:30:00,Yes,21.5,81.8,2.65,Medium
2025-05-20 11:00:00,Yes,21.7,70.0,0.42,Medium
2025-05-20 11:30:00,No,11.1,79.2,0.0,Low
2025-05-20 12:00:00,Yes,24.6,74.5,0.41,Medium
2025-05-20 12:30:00,Yes,16.8,97.4,0.24,Medium
2025-05-20 13:00:00,Yes,29.2,88.1,0.89,Medium
2025-05-20 13:30:00,No,21.8,83.9,0.0,Low
2025-05-20 14:00:00,Yes,18.6,88.5,0.46,Medium
2025-05-20 14:30:00,Yes,13.0,79.5,1.86,Medium
2025-05-20 15:00:00,Yes,26.2,79.4,1.26,Medium
2025-05-20 15:30:00,No,18.2,63.0,0.0,Low
2025-05-20 16:00:00,Yes,27.8,77.3,0.31,Medium
2025-05-20 16:30:00,Yes,18.5,99.0,1.8,High
2025-05-20 17:00:00,Yes,31.1,78.4,0.74,Medium
2025-05-20 17:30:00,Yes,12.4,94.8,0.0,Medium
2025-05-20 18:00:00,No,21.1,69.0,0.03,Low
2025-05-20 18:30:00,No,15.8,73.9,0.07,Low
2025-05-20 19:00:00,Yes,17.3,88.3,0.0,Medium
2025-05-20 19:30:00,Yes,21.1,92.2,0.09,High
2025-05-20 20:00:00,Yes,16.4,77.7,1.44,Medium
2025-05-20 20:30:00,Yes,21.0,74.7,0.89,Medium
2025-05-20 21:00:00,Yes,14.5,86.8,0.83,Medium
2025-05-20 21:30:00,No,18.5,71.6,0.0,Low
2025-05-20 22:00:00,Yes,22.7,92.3,0.0,High
2025-05-20 22:30:00,No,22.3,59.1,0.03,Low
2025-05-20 23:00:00,No,19.8,70.9,0.0,Low
2025-05-20 23:30:00,Yes,16.7,82.9,0.35,Medium
2025-05-21 00:00:00,No,8.8,58.8,0.01,Low
2025-05-21 00:30:00,No,22.3,52.5,0.1,Low
2025-05-21 01:00:00,Yes,17.4,93.9,0.19,Medium
2025-05-21 01:30:00,No,21.9,81.4,0.0,Low
2025-05-21 02:00:00,Yes,23.8,82.2,0.91,Medium
2025-05-21 02:30:00,Yes,39.6,59.2,1.88,Medium
2025-05-21 03:00:00,Yes,18.6,82.9,0.46,Medium
2025-05-21 03:30:00,Yes,17.9,74.3,0.76,Medium
2025-05-21 04:00:00,Yes,12.4,87.5,0.17,Medium
2025-05-21 04:30:00,Yes,14.3,75.5,1.51,Medium
2025-05-21 05:00:00,No,17.3,83.6,0.0,Low
2025-05-21 05:30:00,Yes,23.8,86.9,1.98,Medium
2025-05-21 06:00:00,Yes,19.1,86.7,0.58,Medium
2025-05-21 06:30:00,Yes,26.5,72.8,1.1,Medium
2025-05-21 07:00:00,Yes,19.0,79.4,0.57,Medium
2025-05-21 07:30:00,Yes,21.3,78.8,0.67,Medium
2025-05-21 08:00:00,Yes,27.9,89.9,1.2,Medium
2025-05-21 08:30:00,Yes,17.7,71.1,1.26,Medium
2025-05-21 09:00:00,Yes,24.4,94.7,0.02,High
2025-05-21 09:30:00,No,18.9,63.6,0.19,Low
2025-05-21 10:00:00,Yes,25.0,75.3,1.01,Medium
2025-05-21 10:30:00,No,19.0,83.2,0.0,Low
2025-05-21 11:00:00,Yes,20.4,50.1,0.35,Medium
2025-05-21 11:30:00,Yes,11.8,92.1,1.12,Medium
2025-05-21 12:00:00,Yes,22.3,95.2,0.0,High
2025-05-21 12:30:00,Yes,28.7,89.3,0.31,Medium
2025-05-21 13:00:00,No,25.7,68.9,0.0,Low
2025-05-21 13:30:00,No,17.0,74.7,0.0,Low
2025-05-21 14:00:00,Yes,26.1,77.4,0.78,Medium
2025-05-21 14:30:00,Yes,17.1,61.8,0.72,Medium
2025-05-21 15:00:00,No,10.4,79.3,0.0,Low
2025-05-21 15:30:00,Yes,29.9,89.1,0.58,Medium
2025-05-21 16:00:00,Yes,26.3,71.5,0.93,Medium
2025-05-21 16:30:00,Yes,21.0,82.6,1.52,Medium
2025-05-21 17:00:00,No,23.7,82.9,0.0,Low
2025-05-21 17:30:00,Yes,15.2,78.8,0.57,Medium
2025-05-21 18:00:00,Yes,14.3,104.1,1.71,Medium
2025-05-21 18:30:00,Yes,23.0,80.7,0.33,Medium
2025-05-21 19:00:00,Yes,15.2,80.8,0.71,Medium
2025-05-21 19:30:00,Yes,13.8,83.3,0.38,Medium
